Date,Column1,Quarter,Month,Day
43831,2020,Qtr 1,Jan,Wed
43832,2020,Qtr 1,Jan,Thu
43833,2020,Qtr 1,Jan,Fri
43834,2020,Qtr 1,Jan,Sat
43835,2020,Qtr 1,Jan,Sun
43836,2020,Qtr 1,Jan,Mon
43837,2020,Qtr 1,Jan,Tue
43838,2020,Qtr 1,Jan,Wed
43839,2020,Qtr 1,Jan,Thu
43840,2020,Qtr 1,Jan,Fri
43841,2020,Qtr 1,Jan,Sat
43842,2020,Qtr 1,Jan,Sun
43843,2020,Qtr 1,Jan,Mon
43844,2020,Qtr 1,Jan,Tue
43845,2020,Qtr 1,Jan,Wed
43846,2020,Qtr 1,Jan,Thu
43847,2020,Qtr 1,Jan,Fri
43848,2020,Qtr 1,Jan,Sat
43849,2020,Qtr 1,Jan,Sun
43850,2020,Qtr 1,Jan,Mon
43851,2020,Qtr 1,Jan,Tue
43852,2020,Qtr 1,Jan,Wed
43853,2020,Qtr 1,Jan,Thu
43854,2020,Qtr 1,Jan,Fri
43855,2020,Qtr 1,Jan,Sat
43856,2020,Qtr 1,Jan,Sun
43857,2020,Qtr 1,Jan,Mon
43858,2020,Qtr 1,Jan,Tue
43859,2020,Qtr 1,Jan,Wed
43860,2020,Qtr 1,Jan,Thu
43861,2020,Qtr 1,Jan,Fri
43862,2020,Qtr 1,Feb,Sat
43863,2020,Qtr 1,Feb,Sun
43864,2020,Qtr 1,Feb,Mon
43865,2020,Qtr 1,Feb,Tue
43866,2020,Qtr 1,Feb,Wed
43867,2020,Qtr 1,Feb,Thu
43868,2020,Qtr 1,Feb,Fri
43869,2020,Qtr 1,Feb,Sat
43870,2020,Qtr 1,Feb,Sun
43871,2020,Qtr 1,Feb,Mon
43872,2020,Qtr 1,Feb,Tue
43873,2020,Qtr 1,Feb,Wed
43874,2020,Qtr 1,Feb,Thu
43875,2020,Qtr 1,Feb,Fri
43876,2020,Qtr 1,Feb,Sat
43877,2020,Qtr 1,Feb,Sun
43878,2020,Qtr 1,Feb,Mon
43879,2020,Qtr 1,Feb,Tue
43880,2020,Qtr 1,Feb,Wed
43881,2020,Qtr 1,Feb,Thu
43882,2020,Qtr 1,Feb,Fri
43883,2020,Qtr 1,Feb,Sat
43884,2020,Qtr 1,Feb,Sun
43885,2020,Qtr 1,Feb,Mon
43886,2020,Qtr 1,Feb,Tue
43887,2020,Qtr 1,Feb,Wed
43888,2020,Qtr 1,Feb,Thu
43889,2020,Qtr 1,Feb,Fri
43890,2020,Qtr 1,Mar,Sat
43891,2020,Qtr 1,Mar,Sun
43892,2020,Qtr 1,Mar,Mon
43893,2020,Qtr 1,Mar,Tue
43894,2020,Qtr 1,Mar,Wed
43895,2020,Qtr 1,Mar,Thu
43896,2020,Qtr 1,Mar,Fri
43897,2020,Qtr 1,Mar,Sat
43898,2020,Qtr 1,Mar,Sun
43899,2020,Qtr 1,Mar,Mon
43900,2020,Qtr 1,Mar,Tue
43901,2020,Qtr 1,Mar,Wed
43902,2020,Qtr 1,Mar,Thu
43903,2020,Qtr 1,Mar,Fri
43904,2020,Qtr 1,Mar,Sat
43905,2020,Qtr 1,Mar,Sun
43906,2020,Qtr 1,Mar,Mon
43907,2020,Qtr 1,Mar,Tue
43908,2020,Qtr 1,Mar,Wed
43909,2020,Qtr 1,Mar,Thu
43910,2020,Qtr 1,Mar,Fri
43911,2020,Qtr 1,Mar,Sat
43912,2020,Qtr 1,Mar,Sun
43913,2020,Qtr 1,Mar,Mon
43914,2020,Qtr 1,Mar,Tue
43915,2020,Qtr 1,Mar,Wed
43916,2020,Qtr 1,Mar,Thu
43917,2020,Qtr 1,Mar,Fri
43918,2020,Qtr 1,Mar,Sat
43919,2020,Qtr 1,Mar,Sun
43920,2020,Qtr 1,Mar,Mon
43921,2020,Qtr 2,Apr,Tue
43922,2020,Qtr 2,Apr,Wed
43923,2020,Qtr 2,Apr,Thu
43924,2020,Qtr 2,Apr,Fri
43925,2020,Qtr 2,Apr,Sat
43926,2020,Qtr 2,Apr,Sun
43927,2020,Qtr 2,Apr,Mon
43928,2020,Qtr 2,Apr,Tue
43929,2020,Qtr 2,Apr,Wed
43930,2020,Qtr 2,Apr,Thu
43931,2020,Qtr 2,Apr,Fri
43932,2020,Qtr 2,Apr,Sat
43933,2020,Qtr 2,Apr,Sun
43934,2020,Qtr 2,Apr,Mon
43935,2020,Qtr 2,Apr,Tue
43936,2020,Qtr 2,Apr,Wed
43937,2020,Qtr 2,Apr,Thu
43938,2020,Qtr 2,Apr,Fri
43939,2020,Qtr 2,Apr,Sat
43940,2020,Qtr 2,Apr,Sun
43941,2020,Qtr 2,Apr,Mon
43942,2020,Qtr 2,Apr,Tue
43943,2020,Qtr 2,Apr,Wed
43944,2020,Qtr 2,Apr,Thu
43945,2020,Qtr 2,Apr,Fri
43946,2020,Qtr 2,Apr,Sat
43947,2020,Qtr 2,Apr,Sun
43948,2020,Qtr 2,Apr,Mon
43949,2020,Qtr 2,Apr,Tue
43950,2020,Qtr 2,Apr,Wed
43951,2020,Qtr 2,May,Thu
43952,2020,Qtr 2,May,Fri
43953,2020,Qtr 2,May,Sat
43954,2020,Qtr 2,May,Sun
43955,2020,Qtr 2,May,Mon
43956,2020,Qtr 2,May,Tue
43957,2020,Qtr 2,May,Wed
43958,2020,Qtr 2,May,Thu
43959,2020,Qtr 2,May,Fri
43960,2020,Qtr 2,May,Sat
43961,2020,Qtr 2,May,Sun
43962,2020,Qtr 2,May,Mon
43963,2020,Qtr 2,May,Tue
43964,2020,Qtr 2,May,Wed
43965,2020,Qtr 2,May,Thu
43966,2020,Qtr 2,May,Fri
43967,2020,Qtr 2,May,Sat
43968,2020,Qtr 2,May,Sun
43969,2020,Qtr 2,May,Mon
43970,2020,Qtr 2,May,Tue
43971,2020,Qtr 2,May,Wed
43972,2020,Qtr 2,May,Thu
43973,2020,Qtr 2,May,Fri
43974,2020,Qtr 2,May,Sat
43975,2020,Qtr 2,May,Sun
43976,2020,Qtr 2,May,Mon
43977,2020,Qtr 2,May,Tue
43978,2020,Qtr 2,May,Wed
43979,2020,Qtr 2,May,Thu
43980,2020,Qtr 2,May,Fri
43981,2020,Qtr 2,May,Sat
43982,2020,Qtr 2,Jun,Sun
43983,2020,Qtr 2,Jun,Mon
43984,2020,Qtr 2,Jun,Tue
43985,2020,Qtr 2,Jun,Wed
43986,2020,Qtr 2,Jun,Thu
43987,2020,Qtr 2,Jun,Fri
43988,2020,Qtr 2,Jun,Sat
43989,2020,Qtr 2,Jun,Sun
43990,2020,Qtr 2,Jun,Mon
43991,2020,Qtr 2,Jun,Tue
43992,2020,Qtr 2,Jun,Wed
43993,2020,Qtr 2,Jun,Thu
43994,2020,Qtr 2,Jun,Fri
43995,2020,Qtr 2,Jun,Sat
43996,2020,Qtr 2,Jun,Sun
43997,2020,Qtr 2,Jun,Mon
43998,2020,Qtr 2,Jun,Tue
43999,2020,Qtr 2,Jun,Wed
44000,2020,Qtr 2,Jun,Thu
44001,2020,Qtr 2,Jun,Fri
44002,2020,Qtr 2,Jun,Sat
44003,2020,Qtr 2,Jun,Sun
44004,2020,Qtr 2,Jun,Mon
44005,2020,Qtr 2,Jun,Tue
44006,2020,Qtr 2,Jun,Wed
44007,2020,Qtr 2,Jun,Thu
44008,2020,Qtr 2,Jun,Fri
44009,2020,Qtr 2,Jun,Sat
44010,2020,Qtr 2,Jun,Sun
44011,2020,Qtr 2,Jun,Mon
44012,2020,Qtr 3,Jul,Tue
44013,2020,Qtr 3,Jul,Wed
44014,2020,Qtr 3,Jul,Thu
44015,2020,Qtr 3,Jul,Fri
44016,2020,Qtr 3,Jul,Sat
44017,2020,Qtr 3,Jul,Sun
44018,2020,Qtr 3,Jul,Mon
44019,2020,Qtr 3,Jul,Tue
44020,2020,Qtr 3,Jul,Wed
44021,2020,Qtr 3,Jul,Thu
44022,2020,Qtr 3,Jul,Fri
44023,2020,Qtr 3,Jul,Sat
44024,2020,Qtr 3,Jul,Sun
44025,2020,Qtr 3,Jul,Mon
44026,2020,Qtr 3,Jul,Tue
44027,2020,Qtr 3,Jul,Wed
44028,2020,Qtr 3,Jul,Thu
44029,2020,Qtr 3,Jul,Fri
44030,2020,Qtr 3,Jul,Sat
44031,2020,Qtr 3,Jul,Sun
44032,2020,Qtr 3,Jul,Mon
44033,2020,Qtr 3,Jul,Tue
44034,2020,Qtr 3,Jul,Wed
44035,2020,Qtr 3,Jul,Thu
44036,2020,Qtr 3,Jul,Fri
44037,2020,Qtr 3,Jul,Sat
44038,2020,Qtr 3,Jul,Sun
44039,2020,Qtr 3,Jul,Mon
44040,2020,Qtr 3,Jul,Tue
44041,2020,Qtr 3,Jul,Wed
44042,2020,Qtr 3,Jul,Thu
44043,2020,Qtr 3,Aug,Fri
44044,2020,Qtr 3,Aug,Sat
44045,2020,Qtr 3,Aug,Sun
44046,2020,Qtr 3,Aug,Mon
44047,2020,Qtr 3,Aug,Tue
44048,2020,Qtr 3,Aug,Wed
44049,2020,Qtr 3,Aug,Thu
44050,2020,Qtr 3,Aug,Fri
44051,2020,Qtr 3,Aug,Sat
44052,2020,Qtr 3,Aug,Sun
44053,2020,Qtr 3,Aug,Mon
44054,2020,Qtr 3,Aug,Tue
44055,2020,Qtr 3,Aug,Wed
44056,2020,Qtr 3,Aug,Thu
44057,2020,Qtr 3,Aug,Fri
44058,2020,Qtr 3,Aug,Sat
44059,2020,Qtr 3,Aug,Sun
44060,2020,Qtr 3,Aug,Mon
44061,2020,Qtr 3,Aug,Tue
44062,2020,Qtr 3,Aug,Wed
44063,2020,Qtr 3,Aug,Thu
44064,2020,Qtr 3,Aug,Fri
44065,2020,Qtr 3,Aug,Sat
44066,2020,Qtr 3,Aug,Sun
44067,2020,Qtr 3,Aug,Mon
44068,2020,Qtr 3,Aug,Tue
44069,2020,Qtr 3,Aug,Wed
44070,2020,Qtr 3,Aug,Thu
44071,2020,Qtr 3,Aug,Fri
44072,2020,Qtr 3,Aug,Sat
44073,2020,Qtr 3,Aug,Sun
44074,2020,Qtr 3,Sep,Mon
44075,2020,Qtr 3,Sep,Tue
44076,2020,Qtr 3,Sep,Wed
44077,2020,Qtr 3,Sep,Thu
44078,2020,Qtr 3,Sep,Fri
44079,2020,Qtr 3,Sep,Sat
44080,2020,Qtr 3,Sep,Sun
44081,2020,Qtr 3,Sep,Mon
44082,2020,Qtr 3,Sep,Tue
44083,2020,Qtr 3,Sep,Wed
44084,2020,Qtr 3,Sep,Thu
44085,2020,Qtr 3,Sep,Fri
44086,2020,Qtr 3,Sep,Sat
44087,2020,Qtr 3,Sep,Sun
44088,2020,Qtr 3,Sep,Mon
44089,2020,Qtr 3,Sep,Tue
44090,2020,Qtr 3,Sep,Wed
44091,2020,Qtr 3,Sep,Thu
44092,2020,Qtr 3,Sep,Fri
44093,2020,Qtr 3,Sep,Sat
44094,2020,Qtr 3,Sep,Sun
44095,2020,Qtr 3,Sep,Mon
44096,2020,Qtr 3,Sep,Tue
44097,2020,Qtr 3,Sep,Wed
44098,2020,Qtr 3,Sep,Thu
44099,2020,Qtr 3,Sep,Fri
44100,2020,Qtr 3,Sep,Sat
44101,2020,Qtr 3,Sep,Sun
44102,2020,Qtr 3,Sep,Mon
44103,2020,Qtr 3,Sep,Tue
44104,2020,Qtr 4,Oct,Wed
44105,2020,Qtr 4,Oct,Thu
44106,2020,Qtr 4,Oct,Fri
44107,2020,Qtr 4,Oct,Sat
44108,2020,Qtr 4,Oct,Sun
44109,2020,Qtr 4,Oct,Mon
44110,2020,Qtr 4,Oct,Tue
44111,2020,Qtr 4,Oct,Wed
44112,2020,Qtr 4,Oct,Thu
44113,2020,Qtr 4,Oct,Fri
44114,2020,Qtr 4,Oct,Sat
44115,2020,Qtr 4,Oct,Sun
44116,2020,Qtr 4,Oct,Mon
44117,2020,Qtr 4,Oct,Tue
44118,2020,Qtr 4,Oct,Wed
44119,2020,Qtr 4,Oct,Thu
44120,2020,Qtr 4,Oct,Fri
44121,2020,Qtr 4,Oct,Sat
44122,2020,Qtr 4,Oct,Sun
44123,2020,Qtr 4,Oct,Mon
44124,2020,Qtr 4,Oct,Tue
44125,2020,Qtr 4,Oct,Wed
44126,2020,Qtr 4,Oct,Thu
44127,2020,Qtr 4,Oct,Fri
44128,2020,Qtr 4,Oct,Sat
44129,2020,Qtr 4,Oct,Sun
44130,2020,Qtr 4,Oct,Mon
44131,2020,Qtr 4,Oct,Tue
44132,2020,Qtr 4,Oct,Wed
44133,2020,Qtr 4,Oct,Thu
44134,2020,Qtr 4,Oct,Fri
44135,2020,Qtr 4,Nov,Sat
44136,2020,Qtr 4,Nov,Sun
44137,2020,Qtr 4,Nov,Mon
44138,2020,Qtr 4,Nov,Tue
44139,2020,Qtr 4,Nov,Wed
44140,2020,Qtr 4,Nov,Thu
44141,2020,Qtr 4,Nov,Fri
44142,2020,Qtr 4,Nov,Sat
44143,2020,Qtr 4,Nov,Sun
44144,2020,Qtr 4,Nov,Mon
44145,2020,Qtr 4,Nov,Tue
44146,2020,Qtr 4,Nov,Wed
44147,2020,Qtr 4,Nov,Thu
44148,2020,Qtr 4,Nov,Fri
44149,2020,Qtr 4,Nov,Sat
44150,2020,Qtr 4,Nov,Sun
44151,2020,Qtr 4,Nov,Mon
44152,2020,Qtr 4,Nov,Tue
44153,2020,Qtr 4,Nov,Wed
44154,2020,Qtr 4,Nov,Thu
44155,2020,Qtr 4,Nov,Fri
44156,2020,Qtr 4,Nov,Sat
44157,2020,Qtr 4,Nov,Sun
44158,2020,Qtr 4,Nov,Mon
44159,2020,Qtr 4,Nov,Tue
44160,2020,Qtr 4,Nov,Wed
44161,2020,Qtr 4,Nov,Thu
44162,2020,Qtr 4,Nov,Fri
44163,2020,Qtr 4,Nov,Sat
44164,2020,Qtr 4,Nov,Sun
44165,2020,Qtr 4,Dec,Mon
44166,2020,Qtr 4,Dec,Tue
44167,2020,Qtr 4,Dec,Wed
44168,2020,Qtr 4,Dec,Thu
44169,2020,Qtr 4,Dec,Fri
44170,2020,Qtr 4,Dec,Sat
44171,2020,Qtr 4,Dec,Sun
44172,2020,Qtr 4,Dec,Mon
44173,2020,Qtr 4,Dec,Tue
44174,2020,Qtr 4,Dec,Wed
44175,2020,Qtr 4,Dec,Thu
44176,2020,Qtr 4,Dec,Fri
44177,2020,Qtr 4,Dec,Sat
44178,2020,Qtr 4,Dec,Sun
44179,2020,Qtr 4,Dec,Mon
44180,2020,Qtr 4,Dec,Tue
44181,2020,Qtr 4,Dec,Wed
44182,2020,Qtr 4,Dec,Thu
44183,2020,Qtr 4,Dec,Fri
44184,2020,Qtr 4,Dec,Sat
44185,2020,Qtr 4,Dec,Sun
44186,2020,Qtr 4,Dec,Mon
44187,2020,Qtr 4,Dec,Tue
44188,2020,Qtr 4,Dec,Wed
44189,2020,Qtr 4,Dec,Thu
44190,2020,Qtr 4,Dec,Fri
44191,2020,Qtr 4,Dec,Sat
44192,2020,Qtr 4,Dec,Sun
44193,2020,Qtr 4,Dec,Mon
44194,2020,Qtr 4,Dec,Tue
44195,2020,Qtr 4,Dec,Wed
44196,2020,Qtr 1,Jan,Thu
44197,2021,Qtr 1,Jan,Fri
44198,2021,Qtr 1,Jan,Sat
44199,2021,Qtr 1,Jan,Sun
44200,2021,Qtr 1,Jan,Mon
44201,2021,Qtr 1,Jan,Tue
44202,2021,Qtr 1,Jan,Wed
44203,2021,Qtr 1,Jan,Thu
44204,2021,Qtr 1,Jan,Fri
44205,2021,Qtr 1,Jan,Sat
44206,2021,Qtr 1,Jan,Sun
44207,2021,Qtr 1,Jan,Mon
44208,2021,Qtr 1,Jan,Tue
44209,2021,Qtr 1,Jan,Wed
44210,2021,Qtr 1,Jan,Thu
44211,2021,Qtr 1,Jan,Fri
44212,2021,Qtr 1,Jan,Sat
44213,2021,Qtr 1,Jan,Sun
44214,2021,Qtr 1,Jan,Mon
44215,2021,Qtr 1,Jan,Tue
44216,2021,Qtr 1,Jan,Wed
44217,2021,Qtr 1,Jan,Thu
44218,2021,Qtr 1,Jan,Fri
44219,2021,Qtr 1,Jan,Sat
44220,2021,Qtr 1,Jan,Sun
44221,2021,Qtr 1,Jan,Mon
44222,2021,Qtr 1,Jan,Tue
44223,2021,Qtr 1,Jan,Wed
44224,2021,Qtr 1,Jan,Thu
44225,2021,Qtr 1,Jan,Fri
44226,2021,Qtr 1,Jan,Sat
44227,2021,Qtr 1,Feb,Sun
44228,2021,Qtr 1,Feb,Mon
44229,2021,Qtr 1,Feb,Tue
44230,2021,Qtr 1,Feb,Wed
44231,2021,Qtr 1,Feb,Thu
44232,2021,Qtr 1,Feb,Fri
44233,2021,Qtr 1,Feb,Sat
44234,2021,Qtr 1,Feb,Sun
44235,2021,Qtr 1,Feb,Mon
44236,2021,Qtr 1,Feb,Tue
44237,2021,Qtr 1,Feb,Wed
44238,2021,Qtr 1,Feb,Thu
44239,2021,Qtr 1,Feb,Fri
44240,2021,Qtr 1,Feb,Sat
44241,2021,Qtr 1,Feb,Sun
44242,2021,Qtr 1,Feb,Mon
44243,2021,Qtr 1,Feb,Tue
44244,2021,Qtr 1,Feb,Wed
44245,2021,Qtr 1,Feb,Thu
44246,2021,Qtr 1,Feb,Fri
44247,2021,Qtr 1,Feb,Sat
44248,2021,Qtr 1,Feb,Sun
44249,2021,Qtr 1,Feb,Mon
44250,2021,Qtr 1,Feb,Tue
44251,2021,Qtr 1,Feb,Wed
44252,2021,Qtr 1,Feb,Thu
44253,2021,Qtr 1,Feb,Fri
44254,2021,Qtr 1,Feb,Sat
44255,2021,Qtr 1,Mar,Sun
44256,2021,Qtr 1,Mar,Mon
44257,2021,Qtr 1,Mar,Tue
44258,2021,Qtr 1,Mar,Wed
44259,2021,Qtr 1,Mar,Thu
44260,2021,Qtr 1,Mar,Fri
44261,2021,Qtr 1,Mar,Sat
44262,2021,Qtr 1,Mar,Sun
44263,2021,Qtr 1,Mar,Mon
44264,2021,Qtr 1,Mar,Tue
44265,2021,Qtr 1,Mar,Wed
44266,2021,Qtr 1,Mar,Thu
44267,2021,Qtr 1,Mar,Fri
44268,2021,Qtr 1,Mar,Sat
44269,2021,Qtr 1,Mar,Sun
44270,2021,Qtr 1,Mar,Mon
44271,2021,Qtr 1,Mar,Tue
44272,2021,Qtr 1,Mar,Wed
44273,2021,Qtr 1,Mar,Thu
44274,2021,Qtr 1,Mar,Fri
44275,2021,Qtr 1,Mar,Sat
44276,2021,Qtr 1,Mar,Sun
44277,2021,Qtr 1,Mar,Mon
44278,2021,Qtr 1,Mar,Tue
44279,2021,Qtr 1,Mar,Wed
44280,2021,Qtr 1,Mar,Thu
44281,2021,Qtr 1,Mar,Fri
44282,2021,Qtr 1,Mar,Sat
44283,2021,Qtr 1,Mar,Sun
44284,2021,Qtr 1,Mar,Mon
44285,2021,Qtr 1,Mar,Tue
44286,2021,Qtr 2,Apr,Wed
44287,2021,Qtr 2,Apr,Thu
44288,2021,Qtr 2,Apr,Fri
44289,2021,Qtr 2,Apr,Sat
44290,2021,Qtr 2,Apr,Sun
44291,2021,Qtr 2,Apr,Mon
44292,2021,Qtr 2,Apr,Tue
44293,2021,Qtr 2,Apr,Wed
44294,2021,Qtr 2,Apr,Thu
44295,2021,Qtr 2,Apr,Fri
44296,2021,Qtr 2,Apr,Sat
44297,2021,Qtr 2,Apr,Sun
44298,2021,Qtr 2,Apr,Mon
44299,2021,Qtr 2,Apr,Tue
44300,2021,Qtr 2,Apr,Wed
44301,2021,Qtr 2,Apr,Thu
44302,2021,Qtr 2,Apr,Fri
44303,2021,Qtr 2,Apr,Sat
44304,2021,Qtr 2,Apr,Sun
44305,2021,Qtr 2,Apr,Mon
44306,2021,Qtr 2,Apr,Tue
44307,2021,Qtr 2,Apr,Wed
44308,2021,Qtr 2,Apr,Thu
44309,2021,Qtr 2,Apr,Fri
44310,2021,Qtr 2,Apr,Sat
44311,2021,Qtr 2,Apr,Sun
44312,2021,Qtr 2,Apr,Mon
44313,2021,Qtr 2,Apr,Tue
44314,2021,Qtr 2,Apr,Wed
44315,2021,Qtr 2,Apr,Thu
44316,2021,Qtr 2,May,Fri
44317,2021,Qtr 2,May,Sat
44318,2021,Qtr 2,May,Sun
44319,2021,Qtr 2,May,Mon
44320,2021,Qtr 2,May,Tue
44321,2021,Qtr 2,May,Wed
44322,2021,Qtr 2,May,Thu
44323,2021,Qtr 2,May,Fri
44324,2021,Qtr 2,May,Sat
44325,2021,Qtr 2,May,Sun
44326,2021,Qtr 2,May,Mon
44327,2021,Qtr 2,May,Tue
44328,2021,Qtr 2,May,Wed
44329,2021,Qtr 2,May,Thu
44330,2021,Qtr 2,May,Fri
44331,2021,Qtr 2,May,Sat
44332,2021,Qtr 2,May,Sun
44333,2021,Qtr 2,May,Mon
44334,2021,Qtr 2,May,Tue
44335,2021,Qtr 2,May,Wed
44336,2021,Qtr 2,May,Thu
44337,2021,Qtr 2,May,Fri
44338,2021,Qtr 2,May,Sat
44339,2021,Qtr 2,May,Sun
44340,2021,Qtr 2,May,Mon
44341,2021,Qtr 2,May,Tue
44342,2021,Qtr 2,May,Wed
44343,2021,Qtr 2,May,Thu
44344,2021,Qtr 2,May,Fri
44345,2021,Qtr 2,May,Sat
44346,2021,Qtr 2,May,Sun
44347,2021,Qtr 2,Jun,Mon
44348,2021,Qtr 2,Jun,Tue
44349,2021,Qtr 2,Jun,Wed
44350,2021,Qtr 2,Jun,Thu
44351,2021,Qtr 2,Jun,Fri
44352,2021,Qtr 2,Jun,Sat
44353,2021,Qtr 2,Jun,Sun
44354,2021,Qtr 2,Jun,Mon
44355,2021,Qtr 2,Jun,Tue
44356,2021,Qtr 2,Jun,Wed
44357,2021,Qtr 2,Jun,Thu
44358,2021,Qtr 2,Jun,Fri
44359,2021,Qtr 2,Jun,Sat
44360,2021,Qtr 2,Jun,Sun
44361,2021,Qtr 2,Jun,Mon
44362,2021,Qtr 2,Jun,Tue
44363,2021,Qtr 2,Jun,Wed
44364,2021,Qtr 2,Jun,Thu
44365,2021,Qtr 2,Jun,Fri
44366,2021,Qtr 2,Jun,Sat
44367,2021,Qtr 2,Jun,Sun
44368,2021,Qtr 2,Jun,Mon
44369,2021,Qtr 2,Jun,Tue
44370,2021,Qtr 2,Jun,Wed
44371,2021,Qtr 2,Jun,Thu
44372,2021,Qtr 2,Jun,Fri
44373,2021,Qtr 2,Jun,Sat
44374,2021,Qtr 2,Jun,Sun
44375,2021,Qtr 2,Jun,Mon
44376,2021,Qtr 2,Jun,Tue
44377,2021,Qtr 3,Jul,Wed
44378,2021,Qtr 3,Jul,Thu
44379,2021,Qtr 3,Jul,Fri
44380,2021,Qtr 3,Jul,Sat
44381,2021,Qtr 3,Jul,Sun
44382,2021,Qtr 3,Jul,Mon
44383,2021,Qtr 3,Jul,Tue
44384,2021,Qtr 3,Jul,Wed
44385,2021,Qtr 3,Jul,Thu
44386,2021,Qtr 3,Jul,Fri
44387,2021,Qtr 3,Jul,Sat
44388,2021,Qtr 3,Jul,Sun
44389,2021,Qtr 3,Jul,Mon
44390,2021,Qtr 3,Jul,Tue
44391,2021,Qtr 3,Jul,Wed
44392,2021,Qtr 3,Jul,Thu
44393,2021,Qtr 3,Jul,Fri
44394,2021,Qtr 3,Jul,Sat
44395,2021,Qtr 3,Jul,Sun
44396,2021,Qtr 3,Jul,Mon
44397,2021,Qtr 3,Jul,Tue
44398,2021,Qtr 3,Jul,Wed
44399,2021,Qtr 3,Jul,Thu
44400,2021,Qtr 3,Jul,Fri
44401,2021,Qtr 3,Jul,Sat
44402,2021,Qtr 3,Jul,Sun
44403,2021,Qtr 3,Jul,Mon
44404,2021,Qtr 3,Jul,Tue
44405,2021,Qtr 3,Jul,Wed
44406,2021,Qtr 3,Jul,Thu
44407,2021,Qtr 3,Jul,Fri
44408,2021,Qtr 3,Aug,Sat
44409,2021,Qtr 3,Aug,Sun
44410,2021,Qtr 3,Aug,Mon
44411,2021,Qtr 3,Aug,Tue
44412,2021,Qtr 3,Aug,Wed
44413,2021,Qtr 3,Aug,Thu
44414,2021,Qtr 3,Aug,Fri
44415,2021,Qtr 3,Aug,Sat
44416,2021,Qtr 3,Aug,Sun
44417,2021,Qtr 3,Aug,Mon
44418,2021,Qtr 3,Aug,Tue
44419,2021,Qtr 3,Aug,Wed
44420,2021,Qtr 3,Aug,Thu
44421,2021,Qtr 3,Aug,Fri
44422,2021,Qtr 3,Aug,Sat
44423,2021,Qtr 3,Aug,Sun
44424,2021,Qtr 3,Aug,Mon
44425,2021,Qtr 3,Aug,Tue
44426,2021,Qtr 3,Aug,Wed
44427,2021,Qtr 3,Aug,Thu
44428,2021,Qtr 3,Aug,Fri
44429,2021,Qtr 3,Aug,Sat
44430,2021,Qtr 3,Aug,Sun
44431,2021,Qtr 3,Aug,Mon
44432,2021,Qtr 3,Aug,Tue
44433,2021,Qtr 3,Aug,Wed
44434,2021,Qtr 3,Aug,Thu
44435,2021,Qtr 3,Aug,Fri
44436,2021,Qtr 3,Aug,Sat
44437,2021,Qtr 3,Aug,Sun
44438,2021,Qtr 3,Aug,Mon
44439,2021,Qtr 3,Sep,Tue
44440,2021,Qtr 3,Sep,Wed
44441,2021,Qtr 3,Sep,Thu
44442,2021,Qtr 3,Sep,Fri
44443,2021,Qtr 3,Sep,Sat
44444,2021,Qtr 3,Sep,Sun
44445,2021,Qtr 3,Sep,Mon
44446,2021,Qtr 3,Sep,Tue
44447,2021,Qtr 3,Sep,Wed
44448,2021,Qtr 3,Sep,Thu
44449,2021,Qtr 3,Sep,Fri
44450,2021,Qtr 3,Sep,Sat
44451,2021,Qtr 3,Sep,Sun
44452,2021,Qtr 3,Sep,Mon
44453,2021,Qtr 3,Sep,Tue
44454,2021,Qtr 3,Sep,Wed
44455,2021,Qtr 3,Sep,Thu
44456,2021,Qtr 3,Sep,Fri
44457,2021,Qtr 3,Sep,Sat
44458,2021,Qtr 3,Sep,Sun
44459,2021,Qtr 3,Sep,Mon
44460,2021,Qtr 3,Sep,Tue
44461,2021,Qtr 3,Sep,Wed
44462,2021,Qtr 3,Sep,Thu
44463,2021,Qtr 3,Sep,Fri
44464,2021,Qtr 3,Sep,Sat
44465,2021,Qtr 3,Sep,Sun
44466,2021,Qtr 3,Sep,Mon
44467,2021,Qtr 3,Sep,Tue
44468,2021,Qtr 3,Sep,Wed
44469,2021,Qtr 4,Oct,Thu
44470,2021,Qtr 4,Oct,Fri
44471,2021,Qtr 4,Oct,Sat
44472,2021,Qtr 4,Oct,Sun
44473,2021,Qtr 4,Oct,Mon
44474,2021,Qtr 4,Oct,Tue
44475,2021,Qtr 4,Oct,Wed
44476,2021,Qtr 4,Oct,Thu
44477,2021,Qtr 4,Oct,Fri
44478,2021,Qtr 4,Oct,Sat
44479,2021,Qtr 4,Oct,Sun
44480,2021,Qtr 4,Oct,Mon
44481,2021,Qtr 4,Oct,Tue
44482,2021,Qtr 4,Oct,Wed
44483,2021,Qtr 4,Oct,Thu
44484,2021,Qtr 4,Oct,Fri
44485,2021,Qtr 4,Oct,Sat
44486,2021,Qtr 4,Oct,Sun
44487,2021,Qtr 4,Oct,Mon
44488,2021,Qtr 4,Oct,Tue
44489,2021,Qtr 4,Oct,Wed
44490,2021,Qtr 4,Oct,Thu
44491,2021,Qtr 4,Oct,Fri
44492,2021,Qtr 4,Oct,Sat
44493,2021,Qtr 4,Oct,Sun
44494,2021,Qtr 4,Oct,Mon
44495,2021,Qtr 4,Oct,Tue
44496,2021,Qtr 4,Oct,Wed
44497,2021,Qtr 4,Oct,Thu
44498,2021,Qtr 4,Oct,Fri
44499,2021,Qtr 4,Oct,Sat
44500,2021,Qtr 4,Nov,Sun
44501,2021,Qtr 4,Nov,Mon
44502,2021,Qtr 4,Nov,Tue
44503,2021,Qtr 4,Nov,Wed
44504,2021,Qtr 4,Nov,Thu
44505,2021,Qtr 4,Nov,Fri
44506,2021,Qtr 4,Nov,Sat
44507,2021,Qtr 4,Nov,Sun
44508,2021,Qtr 4,Nov,Mon
44509,2021,Qtr 4,Nov,Tue
44510,2021,Qtr 4,Nov,Wed
44511,2021,Qtr 4,Nov,Thu
44512,2021,Qtr 4,Nov,Fri
44513,2021,Qtr 4,Nov,Sat
44514,2021,Qtr 4,Nov,Sun
44515,2021,Qtr 4,Nov,Mon
44516,2021,Qtr 4,Nov,Tue
44517,2021,Qtr 4,Nov,Wed
44518,2021,Qtr 4,Nov,Thu
44519,2021,Qtr 4,Nov,Fri
44520,2021,Qtr 4,Nov,Sat
44521,2021,Qtr 4,Nov,Sun
44522,2021,Qtr 4,Nov,Mon
44523,2021,Qtr 4,Nov,Tue
44524,2021,Qtr 4,Nov,Wed
44525,2021,Qtr 4,Nov,Thu
44526,2021,Qtr 4,Nov,Fri
44527,2021,Qtr 4,Nov,Sat
44528,2021,Qtr 4,Nov,Sun
44529,2021,Qtr 4,Nov,Mon
44530,2021,Qtr 4,Dec,Tue
44531,2021,Qtr 4,Dec,Wed
44532,2021,Qtr 4,Dec,Thu
44533,2021,Qtr 4,Dec,Fri
44534,2021,Qtr 4,Dec,Sat
44535,2021,Qtr 4,Dec,Sun
44536,2021,Qtr 4,Dec,Mon
44537,2021,Qtr 4,Dec,Tue
44538,2021,Qtr 4,Dec,Wed
44539,2021,Qtr 4,Dec,Thu
44540,2021,Qtr 4,Dec,Fri
44541,2021,Qtr 4,Dec,Sat
44542,2021,Qtr 4,Dec,Sun
44543,2021,Qtr 4,Dec,Mon
44544,2021,Qtr 4,Dec,Tue
44545,2021,Qtr 4,Dec,Wed
44546,2021,Qtr 4,Dec,Thu
44547,2021,Qtr 4,Dec,Fri
44548,2021,Qtr 4,Dec,Sat
44549,2021,Qtr 4,Dec,Sun
44550,2021,Qtr 4,Dec,Mon
44551,2021,Qtr 4,Dec,Tue
44552,2021,Qtr 4,Dec,Wed
44553,2021,Qtr 4,Dec,Thu
44554,2021,Qtr 4,Dec,Fri
44555,2021,Qtr 4,Dec,Sat
44556,2021,Qtr 4,Dec,Sun
44557,2021,Qtr 4,Dec,Mon
44558,2021,Qtr 4,Dec,Tue
44559,2021,Qtr 4,Dec,Wed
44560,2021,Qtr 4,Dec,Thu
44561,2021,Qtr 1,Jan,Fri
44562,2022,Qtr 1,Jan,Sat
44563,2022,Qtr 1,Jan,Sun
44564,2022,Qtr 1,Jan,Mon
44565,2022,Qtr 1,Jan,Tue
44566,2022,Qtr 1,Jan,Wed
44567,2022,Qtr 1,Jan,Thu
44568,2022,Qtr 1,Jan,Fri
44569,2022,Qtr 1,Jan,Sat
44570,2022,Qtr 1,Jan,Sun
44571,2022,Qtr 1,Jan,Mon
44572,2022,Qtr 1,Jan,Tue
44573,2022,Qtr 1,Jan,Wed
44574,2022,Qtr 1,Jan,Thu
44575,2022,Qtr 1,Jan,Fri
44576,2022,Qtr 1,Jan,Sat
44577,2022,Qtr 1,Jan,Sun
44578,2022,Qtr 1,Jan,Mon
44579,2022,Qtr 1,Jan,Tue
44580,2022,Qtr 1,Jan,Wed
44581,2022,Qtr 1,Jan,Thu
44582,2022,Qtr 1,Jan,Fri
44583,2022,Qtr 1,Jan,Sat
44584,2022,Qtr 1,Jan,Sun
44585,2022,Qtr 1,Jan,Mon
44586,2022,Qtr 1,Jan,Tue
44587,2022,Qtr 1,Jan,Wed
44588,2022,Qtr 1,Jan,Thu
44589,2022,Qtr 1,Jan,Fri
44590,2022,Qtr 1,Jan,Sat
44591,2022,Qtr 1,Jan,Sun
44592,2022,Qtr 1,Feb,Mon
44593,2022,Qtr 1,Feb,Tue
44594,2022,Qtr 1,Feb,Wed
44595,2022,Qtr 1,Feb,Thu
44596,2022,Qtr 1,Feb,Fri
44597,2022,Qtr 1,Feb,Sat
44598,2022,Qtr 1,Feb,Sun
44599,2022,Qtr 1,Feb,Mon
44600,2022,Qtr 1,Feb,Tue
44601,2022,Qtr 1,Feb,Wed
44602,2022,Qtr 1,Feb,Thu
44603,2022,Qtr 1,Feb,Fri
44604,2022,Qtr 1,Feb,Sat
44605,2022,Qtr 1,Feb,Sun
44606,2022,Qtr 1,Feb,Mon
44607,2022,Qtr 1,Feb,Tue
44608,2022,Qtr 1,Feb,Wed
44609,2022,Qtr 1,Feb,Thu
44610,2022,Qtr 1,Feb,Fri
44611,2022,Qtr 1,Feb,Sat
44612,2022,Qtr 1,Feb,Sun
44613,2022,Qtr 1,Feb,Mon
44614,2022,Qtr 1,Feb,Tue
44615,2022,Qtr 1,Feb,Wed
44616,2022,Qtr 1,Feb,Thu
44617,2022,Qtr 1,Feb,Fri
44618,2022,Qtr 1,Feb,Sat
44619,2022,Qtr 1,Feb,Sun
44620,2022,Qtr 1,Feb,Mon
44621,2022,Qtr 1,Mar,Tue
44622,2022,Qtr 1,Mar,Wed
44623,2022,Qtr 1,Mar,Thu
44624,2022,Qtr 1,Mar,Fri
44625,2022,Qtr 1,Mar,Sat
44626,2022,Qtr 1,Mar,Sun
44627,2022,Qtr 1,Mar,Mon
44628,2022,Qtr 1,Mar,Tue
44629,2022,Qtr 1,Mar,Wed
44630,2022,Qtr 1,Mar,Thu
44631,2022,Qtr 1,Mar,Fri
44632,2022,Qtr 1,Mar,Sat
44633,2022,Qtr 1,Mar,Sun
44634,2022,Qtr 1,Mar,Mon
44635,2022,Qtr 1,Mar,Tue
44636,2022,Qtr 1,Mar,Wed
44637,2022,Qtr 1,Mar,Thu
44638,2022,Qtr 1,Mar,Fri
44639,2022,Qtr 1,Mar,Sat
44640,2022,Qtr 1,Mar,Sun
44641,2022,Qtr 1,Mar,Mon
44642,2022,Qtr 1,Mar,Tue
44643,2022,Qtr 1,Mar,Wed
44644,2022,Qtr 1,Mar,Thu
44645,2022,Qtr 1,Mar,Fri
44646,2022,Qtr 1,Mar,Sat
44647,2022,Qtr 1,Mar,Sun
44648,2022,Qtr 1,Mar,Mon
44649,2022,Qtr 1,Mar,Tue
44650,2022,Qtr 1,Mar,Wed
44651,2022,Qtr 1,Mar,Thu
44652,2022,Qtr 2,Apr,Fri
44653,2022,Qtr 2,Apr,Sat
44654,2022,Qtr 2,Apr,Sun
44655,2022,Qtr 2,Apr,Mon
44656,2022,Qtr 2,Apr,Tue
44657,2022,Qtr 2,Apr,Wed
44658,2022,Qtr 2,Apr,Thu
44659,2022,Qtr 2,Apr,Fri
44660,2022,Qtr 2,Apr,Sat
44661,2022,Qtr 2,Apr,Sun
44662,2022,Qtr 2,Apr,Mon
44663,2022,Qtr 2,Apr,Tue
44664,2022,Qtr 2,Apr,Wed
44665,2022,Qtr 2,Apr,Thu
44666,2022,Qtr 2,Apr,Fri
44667,2022,Qtr 2,Apr,Sat
44668,2022,Qtr 2,Apr,Sun
44669,2022,Qtr 2,Apr,Mon
44670,2022,Qtr 2,Apr,Tue
44671,2022,Qtr 2,Apr,Wed
44672,2022,Qtr 2,Apr,Thu
44673,2022,Qtr 2,Apr,Fri
44674,2022,Qtr 2,Apr,Sat
44675,2022,Qtr 2,Apr,Sun
44676,2022,Qtr 2,Apr,Mon
44677,2022,Qtr 2,Apr,Tue
44678,2022,Qtr 2,Apr,Wed
44679,2022,Qtr 2,Apr,Thu
44680,2022,Qtr 2,Apr,Fri
44681,2022,Qtr 2,Apr,Sat
44682,2022,Qtr 2,May,Sun
44683,2022,Qtr 2,May,Mon
44684,2022,Qtr 2,May,Tue
44685,2022,Qtr 2,May,Wed
44686,2022,Qtr 2,May,Thu
44687,2022,Qtr 2,May,Fri
44688,2022,Qtr 2,May,Sat
44689,2022,Qtr 2,May,Sun
44690,2022,Qtr 2,May,Mon
44691,2022,Qtr 2,May,Tue
44692,2022,Qtr 2,May,Wed
44693,2022,Qtr 2,May,Thu
44694,2022,Qtr 2,May,Fri
44695,2022,Qtr 2,May,Sat
44696,2022,Qtr 2,May,Sun
44697,2022,Qtr 2,May,Mon
44698,2022,Qtr 2,May,Tue
44699,2022,Qtr 2,May,Wed
44700,2022,Qtr 2,May,Thu
44701,2022,Qtr 2,May,Fri
44702,2022,Qtr 2,May,Sat
44703,2022,Qtr 2,May,Sun
44704,2022,Qtr 2,May,Mon
44705,2022,Qtr 2,May,Tue
44706,2022,Qtr 2,May,Wed
44707,2022,Qtr 2,May,Thu
44708,2022,Qtr 2,May,Fri
44709,2022,Qtr 2,May,Sat
44710,2022,Qtr 2,May,Sun
44711,2022,Qtr 2,May,Mon
44712,2022,Qtr 2,May,Tue
44713,2022,Qtr 2,Jun,Wed
44714,2022,Qtr 2,Jun,Thu
44715,2022,Qtr 2,Jun,Fri
44716,2022,Qtr 2,Jun,Sat
44717,2022,Qtr 2,Jun,Sun
44718,2022,Qtr 2,Jun,Mon
44719,2022,Qtr 2,Jun,Tue
44720,2022,Qtr 2,Jun,Wed
44721,2022,Qtr 2,Jun,Thu
44722,2022,Qtr 2,Jun,Fri
44723,2022,Qtr 2,Jun,Sat
44724,2022,Qtr 2,Jun,Sun
44725,2022,Qtr 2,Jun,Mon
44726,2022,Qtr 2,Jun,Tue
44727,2022,Qtr 2,Jun,Wed
44728,2022,Qtr 2,Jun,Thu
44729,2022,Qtr 2,Jun,Fri
44730,2022,Qtr 2,Jun,Sat
44731,2022,Qtr 2,Jun,Sun
44732,2022,Qtr 2,Jun,Mon
44733,2022,Qtr 2,Jun,Tue
44734,2022,Qtr 2,Jun,Wed
44735,2022,Qtr 2,Jun,Thu
44736,2022,Qtr 2,Jun,Fri
44737,2022,Qtr 2,Jun,Sat
44738,2022,Qtr 2,Jun,Sun
44739,2022,Qtr 2,Jun,Mon
44740,2022,Qtr 2,Jun,Tue
44741,2022,Qtr 2,Jun,Wed
44742,2022,Qtr 2,Jun,Thu
44743,2022,Qtr 3,Jul,Fri
44744,2022,Qtr 3,Jul,Sat
44745,2022,Qtr 3,Jul,Sun
44746,2022,Qtr 3,Jul,Mon
44747,2022,Qtr 3,Jul,Tue
44748,2022,Qtr 3,Jul,Wed
44749,2022,Qtr 3,Jul,Thu
44750,2022,Qtr 3,Jul,Fri
44751,2022,Qtr 3,Jul,Sat
44752,2022,Qtr 3,Jul,Sun
44753,2022,Qtr 3,Jul,Mon
44754,2022,Qtr 3,Jul,Tue
44755,2022,Qtr 3,Jul,Wed
44756,2022,Qtr 3,Jul,Thu
44757,2022,Qtr 3,Jul,Fri
44758,2022,Qtr 3,Jul,Sat
44759,2022,Qtr 3,Jul,Sun
44760,2022,Qtr 3,Jul,Mon
44761,2022,Qtr 3,Jul,Tue
44762,2022,Qtr 3,Jul,Wed
44763,2022,Qtr 3,Jul,Thu
44764,2022,Qtr 3,Jul,Fri
44765,2022,Qtr 3,Jul,Sat
44766,2022,Qtr 3,Jul,Sun
44767,2022,Qtr 3,Jul,Mon
44768,2022,Qtr 3,Jul,Tue
44769,2022,Qtr 3,Jul,Wed
44770,2022,Qtr 3,Jul,Thu
44771,2022,Qtr 3,Jul,Fri
44772,2022,Qtr 3,Jul,Sat
44773,2022,Qtr 3,Jul,Sun
44774,2022,Qtr 3,Aug,Mon
44775,2022,Qtr 3,Aug,Tue
44776,2022,Qtr 3,Aug,Wed
44777,2022,Qtr 3,Aug,Thu
44778,2022,Qtr 3,Aug,Fri
44779,2022,Qtr 3,Aug,Sat
44780,2022,Qtr 3,Aug,Sun
44781,2022,Qtr 3,Aug,Mon
44782,2022,Qtr 3,Aug,Tue
44783,2022,Qtr 3,Aug,Wed
44784,2022,Qtr 3,Aug,Thu
44785,2022,Qtr 3,Aug,Fri
44786,2022,Qtr 3,Aug,Sat
44787,2022,Qtr 3,Aug,Sun
44788,2022,Qtr 3,Aug,Mon
44789,2022,Qtr 3,Aug,Tue
44790,2022,Qtr 3,Aug,Wed
44791,2022,Qtr 3,Aug,Thu
44792,2022,Qtr 3,Aug,Fri
44793,2022,Qtr 3,Aug,Sat
44794,2022,Qtr 3,Aug,Sun
44795,2022,Qtr 3,Aug,Mon
44796,2022,Qtr 3,Aug,Tue
44797,2022,Qtr 3,Aug,Wed
44798,2022,Qtr 3,Aug,Thu
44799,2022,Qtr 3,Aug,Fri
44800,2022,Qtr 3,Aug,Sat
44801,2022,Qtr 3,Aug,Sun
44802,2022,Qtr 3,Aug,Mon
44803,2022,Qtr 3,Aug,Tue
44804,2022,Qtr 3,Aug,Wed
44805,2022,Qtr 3,Sep,Thu
44806,2022,Qtr 3,Sep,Fri
44807,2022,Qtr 3,Sep,Sat
44808,2022,Qtr 3,Sep,Sun
44809,2022,Qtr 3,Sep,Mon
44810,2022,Qtr 3,Sep,Tue
44811,2022,Qtr 3,Sep,Wed
44812,2022,Qtr 3,Sep,Thu
44813,2022,Qtr 3,Sep,Fri
44814,2022,Qtr 3,Sep,Sat
44815,2022,Qtr 3,Sep,Sun
44816,2022,Qtr 3,Sep,Mon
44817,2022,Qtr 3,Sep,Tue
44818,2022,Qtr 3,Sep,Wed
44819,2022,Qtr 3,Sep,Thu
44820,2022,Qtr 3,Sep,Fri
44821,2022,Qtr 3,Sep,Sat
44822,2022,Qtr 3,Sep,Sun
44823,2022,Qtr 3,Sep,Mon
44824,2022,Qtr 3,Sep,Tue
44825,2022,Qtr 3,Sep,Wed
44826,2022,Qtr 3,Sep,Thu
44827,2022,Qtr 3,Sep,Fri
44828,2022,Qtr 3,Sep,Sat
44829,2022,Qtr 3,Sep,Sun
44830,2022,Qtr 3,Sep,Mon
44831,2022,Qtr 3,Sep,Tue
44832,2022,Qtr 3,Sep,Wed
44833,2022,Qtr 3,Sep,Thu
44834,2022,Qtr 3,Sep,Fri
44835,2022,Qtr 4,Oct,Sat
44836,2022,Qtr 4,Oct,Sun
44837,2022,Qtr 4,Oct,Mon
44838,2022,Qtr 4,Oct,Tue
44839,2022,Qtr 4,Oct,Wed
44840,2022,Qtr 4,Oct,Thu
44841,2022,Qtr 4,Oct,Fri
44842,2022,Qtr 4,Oct,Sat
44843,2022,Qtr 4,Oct,Sun
44844,2022,Qtr 4,Oct,Mon
44845,2022,Qtr 4,Oct,Tue
44846,2022,Qtr 4,Oct,Wed
44847,2022,Qtr 4,Oct,Thu
44848,2022,Qtr 4,Oct,Fri
44849,2022,Qtr 4,Oct,Sat
44850,2022,Qtr 4,Oct,Sun
44851,2022,Qtr 4,Oct,Mon
44852,2022,Qtr 4,Oct,Tue
44853,2022,Qtr 4,Oct,Wed
44854,2022,Qtr 4,Oct,Thu
44855,2022,Qtr 4,Oct,Fri
44856,2022,Qtr 4,Oct,Sat
44857,2022,Qtr 4,Oct,Sun
44858,2022,Qtr 4,Oct,Mon
44859,2022,Qtr 4,Oct,Tue
44860,2022,Qtr 4,Oct,Wed
44861,2022,Qtr 4,Oct,Thu
44862,2022,Qtr 4,Oct,Fri
44863,2022,Qtr 4,Oct,Sat
44864,2022,Qtr 4,Oct,Sun
44865,2022,Qtr 4,Oct,Mon
44866,2022,Qtr 4,Nov,Tue
44867,2022,Qtr 4,Nov,Wed
44868,2022,Qtr 4,Nov,Thu
44869,2022,Qtr 4,Nov,Fri
44870,2022,Qtr 4,Nov,Sat
44871,2022,Qtr 4,Nov,Sun
44872,2022,Qtr 4,Nov,Mon
44873,2022,Qtr 4,Nov,Tue
44874,2022,Qtr 4,Nov,Wed
44875,2022,Qtr 4,Nov,Thu
44876,2022,Qtr 4,Nov,Fri
44877,2022,Qtr 4,Nov,Sat
44878,2022,Qtr 4,Nov,Sun
44879,2022,Qtr 4,Nov,Mon
44880,2022,Qtr 4,Nov,Tue
44881,2022,Qtr 4,Nov,Wed
44882,2022,Qtr 4,Nov,Thu
44883,2022,Qtr 4,Nov,Fri
44884,2022,Qtr 4,Nov,Sat
44885,2022,Qtr 4,Nov,Sun
44886,2022,Qtr 4,Nov,Mon
44887,2022,Qtr 4,Nov,Tue
44888,2022,Qtr 4,Nov,Wed
44889,2022,Qtr 4,Nov,Thu
44890,2022,Qtr 4,Nov,Fri
44891,2022,Qtr 4,Nov,Sat
44892,2022,Qtr 4,Nov,Sun
44893,2022,Qtr 4,Nov,Mon
44894,2022,Qtr 4,Nov,Tue
44895,2022,Qtr 4,Nov,Wed
44896,2022,Qtr 4,Dec,Thu
44897,2022,Qtr 4,Dec,Fri
44898,2022,Qtr 4,Dec,Sat
44899,2022,Qtr 4,Dec,Sun
44900,2022,Qtr 4,Dec,Mon
44901,2022,Qtr 4,Dec,Tue
44902,2022,Qtr 4,Dec,Wed
44903,2022,Qtr 4,Dec,Thu
44904,2022,Qtr 4,Dec,Fri
44905,2022,Qtr 4,Dec,Sat
44906,2022,Qtr 4,Dec,Sun
44907,2022,Qtr 4,Dec,Mon
44908,2022,Qtr 4,Dec,Tue
44909,2022,Qtr 4,Dec,Wed
44910,2022,Qtr 4,Dec,Thu
44911,2022,Qtr 4,Dec,Fri
44912,2022,Qtr 4,Dec,Sat
44913,2022,Qtr 4,Dec,Sun
44914,2022,Qtr 4,Dec,Mon
44915,2022,Qtr 4,Dec,Tue
44916,2022,Qtr 4,Dec,Wed
44917,2022,Qtr 4,Dec,Thu
44918,2022,Qtr 4,Dec,Fri
44919,2022,Qtr 4,Dec,Sat
44920,2022,Qtr 4,Dec,Sun
44921,2022,Qtr 4,Dec,Mon
44922,2022,Qtr 4,Dec,Tue
44923,2022,Qtr 4,Dec,Wed
44924,2022,Qtr 4,Dec,Thu
44925,2022,Qtr 4,Dec,Fri
44926,2022,Qtr 4,Dec,Sat
44927,2023,Qtr 1,Jan,Sun
44928,2023,Qtr 1,Jan,Mon
44929,2023,Qtr 1,Jan,Tue
44930,2023,Qtr 1,Jan,Wed
44931,2023,Qtr 1,Jan,Thu
44932,2023,Qtr 1,Jan,Fri
44933,2023,Qtr 1,Jan,Sat
44934,2023,Qtr 1,Jan,Sun
44935,2023,Qtr 1,Jan,Mon
44936,2023,Qtr 1,Jan,Tue
44937,2023,Qtr 1,Jan,Wed
44938,2023,Qtr 1,Jan,Thu
44939,2023,Qtr 1,Jan,Fri
44940,2023,Qtr 1,Jan,Sat
44941,2023,Qtr 1,Jan,Sun
44942,2023,Qtr 1,Jan,Mon
44943,2023,Qtr 1,Jan,Tue
44944,2023,Qtr 1,Jan,Wed
44945,2023,Qtr 1,Jan,Thu
44946,2023,Qtr 1,Jan,Fri
44947,2023,Qtr 1,Jan,Sat
44948,2023,Qtr 1,Jan,Sun
44949,2023,Qtr 1,Jan,Mon
44950,2023,Qtr 1,Jan,Tue
44951,2023,Qtr 1,Jan,Wed
44952,2023,Qtr 1,Jan,Thu
44953,2023,Qtr 1,Jan,Fri
44954,2023,Qtr 1,Jan,Sat
44955,2023,Qtr 1,Jan,Sun
44956,2023,Qtr 1,Jan,Mon
44957,2023,Qtr 1,Jan,Tue
44958,2023,Qtr 1,Jan,Wed
44959,2023,Qtr 1,Jan,Thu
44960,2023,Qtr 1,Jan,Fri
44961,2023,Qtr 1,Jan,Sat
44962,2023,Qtr 1,Jan,Sun
44963,2023,Qtr 1,Jan,Mon
44964,2023,Qtr 1,Jan,Tue
44965,2023,Qtr 1,Jan,Wed
44966,2023,Qtr 1,Jan,Thu
44967,2023,Qtr 1,Jan,Fri
44968,2023,Qtr 1,Jan,Sat
44969,2023,Qtr 1,Feb,Sun
44970,2023,Qtr 1,Feb,Mon
44971,2023,Qtr 1,Feb,Tue
44972,2023,Qtr 1,Feb,Wed
44973,2023,Qtr 1,Feb,Thu
44974,2023,Qtr 1,Feb,Fri
44975,2023,Qtr 1,Feb,Sat
44976,2023,Qtr 1,Feb,Sun
44977,2023,Qtr 1,Feb,Mon
44978,2023,Qtr 1,Feb,Tue
44979,2023,Qtr 1,Feb,Wed
44980,2023,Qtr 1,Feb,Thu
44981,2023,Qtr 1,Feb,Fri
44982,2023,Qtr 1,Feb,Sat
44983,2023,Qtr 1,Feb,Sun
44984,2023,Qtr 1,Feb,Mon
44985,2023,Qtr 1,Feb,Tue
44986,2023,Qtr 1,Feb,Wed
44987,2023,Qtr 1,Feb,Thu
44988,2023,Qtr 1,Feb,Fri
44989,2023,Qtr 1,Feb,Sat
44990,2023,Qtr 1,Feb,Sun
44991,2023,Qtr 1,Feb,Mon
44992,2023,Qtr 1,Feb,Tue
44993,2023,Qtr 1,Feb,Wed
44994,2023,Qtr 1,Feb,Thu
44995,2023,Qtr 1,Feb,Fri
44996,2023,Qtr 1,Feb,Sat
44997,2023,Qtr 1,Mar,Sun
44998,2023,Qtr 1,Mar,Mon
44999,2023,Qtr 1,Mar,Tue
45000,2023,Qtr 1,Mar,Wed
45001,2023,Qtr 1,Mar,Thu
45002,2023,Qtr 1,Mar,Fri
45003,2023,Qtr 1,Mar,Sat
45004,2023,Qtr 1,Mar,Sun
45005,2023,Qtr 1,Mar,Mon
45006,2023,Qtr 1,Mar,Tue
45007,2023,Qtr 1,Mar,Wed
45008,2023,Qtr 1,Mar,Thu
45009,2023,Qtr 1,Mar,Fri
45010,2023,Qtr 1,Mar,Sat
45011,2023,Qtr 1,Mar,Sun
45012,2023,Qtr 1,Mar,Mon
45013,2023,Qtr 1,Mar,Tue
45014,2023,Qtr 1,Mar,Wed
45015,2023,Qtr 1,Mar,Thu
45016,2023,Qtr 1,Mar,Fri
45017,2023,Qtr 1,Mar,Sat
45018,2023,Qtr 1,Mar,Sun
45019,2023,Qtr 1,Mar,Mon
45020,2023,Qtr 1,Mar,Tue
45021,2023,Qtr 1,Mar,Wed
45022,2023,Qtr 1,Mar,Thu
45023,2023,Qtr 1,Mar,Fri
45024,2023,Qtr 1,Mar,Sat
45025,2023,Qtr 1,Mar,Sun
45026,2023,Qtr 1,Mar,Mon
45027,2023,Qtr 1,Mar,Tue
45028,2023,Qtr 2,Apr,Wed
45029,2023,Qtr 2,Apr,Thu
45030,2023,Qtr 2,Apr,Fri
45031,2023,Qtr 2,Apr,Sat
45032,2023,Qtr 2,Apr,Sun
45033,2023,Qtr 2,Apr,Mon
45034,2023,Qtr 2,Apr,Tue
45035,2023,Qtr 2,Apr,Wed
45036,2023,Qtr 2,Apr,Thu
45037,2023,Qtr 2,Apr,Fri
45038,2023,Qtr 2,Apr,Sat
45039,2023,Qtr 2,Apr,Sun
45040,2023,Qtr 2,Apr,Mon
45041,2023,Qtr 2,Apr,Tue
45042,2023,Qtr 2,Apr,Wed
45043,2023,Qtr 2,Apr,Thu
45044,2023,Qtr 2,Apr,Fri
45045,2023,Qtr 2,Apr,Sat
45046,2023,Qtr 2,Apr,Sun
45047,2023,Qtr 2,Apr,Mon
45048,2023,Qtr 2,Apr,Tue
45049,2023,Qtr 2,Apr,Wed
45050,2023,Qtr 2,Apr,Thu
45051,2023,Qtr 2,Apr,Fri
45052,2023,Qtr 2,Apr,Sat
45053,2023,Qtr 2,Apr,Sun
45054,2023,Qtr 2,Apr,Mon
45055,2023,Qtr 2,Apr,Tue
45056,2023,Qtr 2,Apr,Wed
45057,2023,Qtr 2,Apr,Thu
45058,2023,Qtr 2,May,Fri
45059,2023,Qtr 2,May,Sat
45060,2023,Qtr 2,May,Sun
45061,2023,Qtr 2,May,Mon
45062,2023,Qtr 2,May,Tue
45063,2023,Qtr 2,May,Wed
45064,2023,Qtr 2,May,Thu
45065,2023,Qtr 2,May,Fri
45066,2023,Qtr 2,May,Sat
45067,2023,Qtr 2,May,Sun
45068,2023,Qtr 2,May,Mon
45069,2023,Qtr 2,May,Tue
45070,2023,Qtr 2,May,Wed
45071,2023,Qtr 2,May,Thu
45072,2023,Qtr 2,May,Fri
45073,2023,Qtr 2,May,Sat
45074,2023,Qtr 2,May,Sun
45075,2023,Qtr 2,May,Mon
45076,2023,Qtr 2,May,Tue
45077,2023,Qtr 2,May,Wed
45078,2023,Qtr 2,May,Thu
45079,2023,Qtr 2,May,Fri
45080,2023,Qtr 2,May,Sat
45081,2023,Qtr 2,May,Sun
45082,2023,Qtr 2,May,Mon
45083,2023,Qtr 2,May,Tue
45084,2023,Qtr 2,May,Wed
45085,2023,Qtr 2,May,Thu
45086,2023,Qtr 2,May,Fri
45087,2023,Qtr 2,May,Sat
45088,2023,Qtr 2,May,Sun
45089,2023,Qtr 2,Jun,Mon
45090,2023,Qtr 2,Jun,Tue
45091,2023,Qtr 2,Jun,Wed
45092,2023,Qtr 2,Jun,Thu
45093,2023,Qtr 2,Jun,Fri
45094,2023,Qtr 2,Jun,Sat
45095,2023,Qtr 2,Jun,Sun
45096,2023,Qtr 2,Jun,Mon
45097,2023,Qtr 2,Jun,Tue
45098,2023,Qtr 2,Jun,Wed
45099,2023,Qtr 2,Jun,Thu
45100,2023,Qtr 2,Jun,Fri
45101,2023,Qtr 2,Jun,Sat
45102,2023,Qtr 2,Jun,Sun
45103,2023,Qtr 2,Jun,Mon
45104,2023,Qtr 2,Jun,Tue
45105,2023,Qtr 2,Jun,Wed
45106,2023,Qtr 2,Jun,Thu
45107,2023,Qtr 2,Jun,Fri
45108,2023,Qtr 2,Jun,Sat
45109,2023,Qtr 2,Jun,Sun
45110,2023,Qtr 2,Jun,Mon
45111,2023,Qtr 2,Jun,Tue
45112,2023,Qtr 2,Jun,Wed
45113,2023,Qtr 2,Jun,Thu
45114,2023,Qtr 2,Jun,Fri
45115,2023,Qtr 2,Jun,Sat
45116,2023,Qtr 2,Jun,Sun
45117,2023,Qtr 2,Jun,Mon
45118,2023,Qtr 2,Jun,Tue
45119,2023,Qtr 3,Jul,Wed
45120,2023,Qtr 3,Jul,Thu
45121,2023,Qtr 3,Jul,Fri
45122,2023,Qtr 3,Jul,Sat
45123,2023,Qtr 3,Jul,Sun
45124,2023,Qtr 3,Jul,Mon
45125,2023,Qtr 3,Jul,Tue
45126,2023,Qtr 3,Jul,Wed
45127,2023,Qtr 3,Jul,Thu
45128,2023,Qtr 3,Jul,Fri
45129,2023,Qtr 3,Jul,Sat
45130,2023,Qtr 3,Jul,Sun
45131,2023,Qtr 3,Jul,Mon
45132,2023,Qtr 3,Jul,Tue
45133,2023,Qtr 3,Jul,Wed
45134,2023,Qtr 3,Jul,Thu
45135,2023,Qtr 3,Jul,Fri
45136,2023,Qtr 3,Jul,Sat
45137,2023,Qtr 3,Jul,Sun
45138,2023,Qtr 3,Jul,Mon
45139,2023,Qtr 3,Jul,Tue
45140,2023,Qtr 3,Jul,Wed
45141,2023,Qtr 3,Jul,Thu
45142,2023,Qtr 3,Jul,Fri
45143,2023,Qtr 3,Jul,Sat
45144,2023,Qtr 3,Jul,Sun
45145,2023,Qtr 3,Jul,Mon
45146,2023,Qtr 3,Jul,Tue
45147,2023,Qtr 3,Jul,Wed
45148,2023,Qtr 3,Jul,Thu
45149,2023,Qtr 3,Jul,Fri
45150,2023,Qtr 3,Aug,Sat
45151,2023,Qtr 3,Aug,Sun
45152,2023,Qtr 3,Aug,Mon
45153,2023,Qtr 3,Aug,Tue
45154,2023,Qtr 3,Aug,Wed
45155,2023,Qtr 3,Aug,Thu
45156,2023,Qtr 3,Aug,Fri
45157,2023,Qtr 3,Aug,Sat
45158,2023,Qtr 3,Aug,Sun
45159,2023,Qtr 3,Aug,Mon
45160,2023,Qtr 3,Aug,Tue
45161,2023,Qtr 3,Aug,Wed
45162,2023,Qtr 3,Aug,Thu
45163,2023,Qtr 3,Aug,Fri
45164,2023,Qtr 3,Aug,Sat
45165,2023,Qtr 3,Aug,Sun
45166,2023,Qtr 3,Aug,Mon
45167,2023,Qtr 3,Aug,Tue
45168,2023,Qtr 3,Aug,Wed
45169,2023,Qtr 3,Aug,Thu
45170,2023,Qtr 3,Aug,Fri
45171,2023,Qtr 3,Aug,Sat
45172,2023,Qtr 3,Aug,Sun
45173,2023,Qtr 3,Aug,Mon
45174,2023,Qtr 3,Aug,Tue
45175,2023,Qtr 3,Aug,Wed
45176,2023,Qtr 3,Aug,Thu
45177,2023,Qtr 3,Aug,Fri
45178,2023,Qtr 3,Aug,Sat
45179,2023,Qtr 3,Aug,Sun
45180,2023,Qtr 3,Aug,Mon
45181,2023,Qtr 3,Sep,Tue
45182,2023,Qtr 3,Sep,Wed
45183,2023,Qtr 3,Sep,Thu
45184,2023,Qtr 3,Sep,Fri
45185,2023,Qtr 3,Sep,Sat
45186,2023,Qtr 3,Sep,Sun
45187,2023,Qtr 3,Sep,Mon
45188,2023,Qtr 3,Sep,Tue
45189,2023,Qtr 3,Sep,Wed
45190,2023,Qtr 3,Sep,Thu
45191,2023,Qtr 3,Sep,Fri
45192,2023,Qtr 3,Sep,Sat
45193,2023,Qtr 3,Sep,Sun
45194,2023,Qtr 3,Sep,Mon
45195,2023,Qtr 3,Sep,Tue
45196,2023,Qtr 3,Sep,Wed
45197,2023,Qtr 3,Sep,Thu
45198,2023,Qtr 3,Sep,Fri
45199,2023,Qtr 3,Sep,Sat
45200,2023,Qtr 3,Sep,Sun
45201,2023,Qtr 3,Sep,Mon
45202,2023,Qtr 3,Sep,Tue
45203,2023,Qtr 3,Sep,Wed
45204,2023,Qtr 3,Sep,Thu
45205,2023,Qtr 3,Sep,Fri
45206,2023,Qtr 3,Sep,Sat
45207,2023,Qtr 3,Sep,Sun
45208,2023,Qtr 3,Sep,Mon
45209,2023,Qtr 3,Sep,Tue
45210,2023,Qtr 3,Sep,Wed
45211,2023,Qtr 4,Oct,Thu
45212,2023,Qtr 4,Oct,Fri
45213,2023,Qtr 4,Oct,Sat
45214,2023,Qtr 4,Oct,Sun
45215,2023,Qtr 4,Oct,Mon
45216,2023,Qtr 4,Oct,Tue
45217,2023,Qtr 4,Oct,Wed
45218,2023,Qtr 4,Oct,Thu
45219,2023,Qtr 4,Oct,Fri
45220,2023,Qtr 4,Oct,Sat
45221,2023,Qtr 4,Oct,Sun
45222,2023,Qtr 4,Oct,Mon
45223,2023,Qtr 4,Oct,Tue
45224,2023,Qtr 4,Oct,Wed
45225,2023,Qtr 4,Oct,Thu
45226,2023,Qtr 4,Oct,Fri
45227,2023,Qtr 4,Oct,Sat
45228,2023,Qtr 4,Oct,Sun
45229,2023,Qtr 4,Oct,Mon
45230,2023,Qtr 4,Oct,Tue
45231,2023,Qtr 4,Oct,Wed
45232,2023,Qtr 4,Oct,Thu
45233,2023,Qtr 4,Oct,Fri
45234,2023,Qtr 4,Oct,Sat
45235,2023,Qtr 4,Oct,Sun
45236,2023,Qtr 4,Oct,Mon
45237,2023,Qtr 4,Oct,Tue
45238,2023,Qtr 4,Oct,Wed
45239,2023,Qtr 4,Oct,Thu
45240,2023,Qtr 4,Oct,Fri
45241,2023,Qtr 4,Oct,Sat
45242,2023,Qtr 4,Nov,Sun
45243,2023,Qtr 4,Nov,Mon
45244,2023,Qtr 4,Nov,Tue
45245,2023,Qtr 4,Nov,Wed
45246,2023,Qtr 4,Nov,Thu
45247,2023,Qtr 4,Nov,Fri
45248,2023,Qtr 4,Nov,Sat
45249,2023,Qtr 4,Nov,Sun
45250,2023,Qtr 4,Nov,Mon
45251,2023,Qtr 4,Nov,Tue
45252,2023,Qtr 4,Nov,Wed
45253,2023,Qtr 4,Nov,Thu
45254,2023,Qtr 4,Nov,Fri
45255,2023,Qtr 4,Nov,Sat
45256,2023,Qtr 4,Nov,Sun
45257,2023,Qtr 4,Nov,Mon
45258,2023,Qtr 4,Nov,Tue
45259,2023,Qtr 4,Nov,Wed
45260,2023,Qtr 4,Nov,Thu
45261,2023,Qtr 4,Nov,Fri
45262,2023,Qtr 4,Nov,Sat
45263,2023,Qtr 4,Nov,Sun
45264,2023,Qtr 4,Nov,Mon
45265,2023,Qtr 4,Nov,Tue
45266,2023,Qtr 4,Nov,Wed
45267,2023,Qtr 4,Nov,Thu
45268,2023,Qtr 4,Nov,Fri
45269,2023,Qtr 4,Nov,Sat
45270,2023,Qtr 4,Nov,Sun
45271,2023,Qtr 4,Nov,Mon
45272,2023,Qtr 4,Dec,Tue
45273,2023,Qtr 4,Dec,Wed
45274,2023,Qtr 4,Dec,Thu
45275,2023,Qtr 4,Dec,Fri
45276,2023,Qtr 4,Dec,Sat
45277,2023,Qtr 4,Dec,Sun
45278,2023,Qtr 4,Dec,Mon
45279,2023,Qtr 4,Dec,Tue
45280,2023,Qtr 4,Dec,Wed
45281,2023,Qtr 4,Dec,Thu
45282,2023,Qtr 4,Dec,Fri
45283,2023,Qtr 4,Dec,Sat
45284,2023,Qtr 4,Dec,Sun
45285,2023,Qtr 4,Dec,Mon
45286,2023,Qtr 4,Dec,Tue
45287,2023,Qtr 4,Dec,Wed
45288,2023,Qtr 4,Dec,Thu
45289,2023,Qtr 4,Dec,Fri
45290,2023,Qtr 4,Dec,Sat
45291,2023,Qtr 4,Dec,Sun
45292,2024,Qtr 4,Dec,Mon
45293,2024,Qtr 4,Dec,Tue
45294,2024,Qtr 4,Dec,Wed
45295,2024,Qtr 4,Dec,Thu
45296,2024,Qtr 4,Dec,Fri
45297,2024,Qtr 4,Dec,Sat
45298,2024,Qtr 4,Dec,Sun
45299,2024,Qtr 4,Dec,Mon
45300,2024,Qtr 4,Dec,Tue
45301,2024,Qtr 4,Dec,Wed
45302,2024,Qtr 4,Dec,Thu
45303,2024,Qtr 1,Jan,Fri
45304,2024,Qtr 1,Jan,Sat
45305,2024,Qtr 1,Jan,Sun
45306,2024,Qtr 1,Jan,Mon
45307,2024,Qtr 1,Jan,Tue
45308,2024,Qtr 1,Jan,Wed
45309,2024,Qtr 1,Jan,Thu
45310,2024,Qtr 1,Jan,Fri
45311,2024,Qtr 1,Jan,Sat
45312,2024,Qtr 1,Jan,Sun
45313,2024,Qtr 1,Jan,Mon
45314,2024,Qtr 1,Jan,Tue
45315,2024,Qtr 1,Jan,Wed
45316,2024,Qtr 1,Jan,Thu
45317,2024,Qtr 1,Jan,Fri
45318,2024,Qtr 1,Jan,Sat
45319,2024,Qtr 1,Jan,Sun
45320,2024,Qtr 1,Jan,Mon
45321,2024,Qtr 1,Jan,Tue
45322,2024,Qtr 1,Jan,Wed
45323,2024,Qtr 1,Jan,Thu
45324,2024,Qtr 1,Jan,Fri
45325,2024,Qtr 1,Jan,Sat
45326,2024,Qtr 1,Jan,Sun
45327,2024,Qtr 1,Jan,Mon
45328,2024,Qtr 1,Jan,Tue
45329,2024,Qtr 1,Jan,Wed
45330,2024,Qtr 1,Jan,Thu
45331,2024,Qtr 1,Jan,Fri
45332,2024,Qtr 1,Jan,Sat
45333,2024,Qtr 1,Jan,Sun
45334,2024,Qtr 1,Feb,Mon
45335,2024,Qtr 1,Feb,Tue
45336,2024,Qtr 1,Feb,Wed
45337,2024,Qtr 1,Feb,Thu
45338,2024,Qtr 1,Feb,Fri
45339,2024,Qtr 1,Feb,Sat
45340,2024,Qtr 1,Feb,Sun
45341,2024,Qtr 1,Feb,Mon
45342,2024,Qtr 1,Feb,Tue
45343,2024,Qtr 1,Feb,Wed
45344,2024,Qtr 1,Feb,Thu
45345,2024,Qtr 1,Feb,Fri
45346,2024,Qtr 1,Feb,Sat
45347,2024,Qtr 1,Feb,Sun
45348,2024,Qtr 1,Feb,Mon
45349,2024,Qtr 1,Feb,Tue
45350,2024,Qtr 1,Feb,Wed
45351,2024,Qtr 1,Feb,Thu
45352,2024,Qtr 1,Feb,Fri
45353,2024,Qtr 1,Feb,Sat
45354,2024,Qtr 1,Feb,Sun
45355,2024,Qtr 1,Feb,Mon
45356,2024,Qtr 1,Feb,Tue
45357,2024,Qtr 1,Feb,Wed
45358,2024,Qtr 1,Feb,Thu
45359,2024,Qtr 1,Feb,Fri
45360,2024,Qtr 1,Feb,Sat
45361,2024,Qtr 1,Feb,Sun
45362,2024,Qtr 1,Mar,Mon
45363,2024,Qtr 1,Mar,Tue
45364,2024,Qtr 1,Mar,Wed
45365,2024,Qtr 1,Mar,Thu
45366,2024,Qtr 1,Mar,Fri
45367,2024,Qtr 1,Mar,Sat
45368,2024,Qtr 1,Mar,Sun
45369,2024,Qtr 1,Mar,Mon
45370,2024,Qtr 1,Mar,Tue
45371,2024,Qtr 1,Mar,Wed
45372,2024,Qtr 1,Mar,Thu
45373,2024,Qtr 1,Mar,Fri
45374,2024,Qtr 1,Mar,Sat
45375,2024,Qtr 1,Mar,Sun
45376,2024,Qtr 1,Mar,Mon
45377,2024,Qtr 1,Mar,Tue
45378,2024,Qtr 1,Mar,Wed
45379,2024,Qtr 1,Mar,Thu
45380,2024,Qtr 1,Mar,Fri
45381,2024,Qtr 1,Mar,Sat
45382,2024,Qtr 1,Mar,Sun
45383,2024,Qtr 1,Mar,Mon
45384,2024,Qtr 1,Mar,Tue
45385,2024,Qtr 1,Mar,Wed
45386,2024,Qtr 1,Mar,Thu
45387,2024,Qtr 1,Mar,Fri
45388,2024,Qtr 1,Mar,Sat
45389,2024,Qtr 1,Mar,Sun
45390,2024,Qtr 1,Mar,Mon
45391,2024,Qtr 1,Mar,Tue
45392,2024,Qtr 1,Mar,Wed
45393,2024,Qtr 2,Apr,Thu
45394,2024,Qtr 2,Apr,Fri
45395,2024,Qtr 2,Apr,Sat
45396,2024,Qtr 2,Apr,Sun
45397,2024,Qtr 2,Apr,Mon
45398,2024,Qtr 2,Apr,Tue
45399,2024,Qtr 2,Apr,Wed
45400,2024,Qtr 2,Apr,Thu
45401,2024,Qtr 2,Apr,Fri
45402,2024,Qtr 2,Apr,Sat
45403,2024,Qtr 2,Apr,Sun
45404,2024,Qtr 2,Apr,Mon
45405,2024,Qtr 2,Apr,Tue
45406,2024,Qtr 2,Apr,Wed
45407,2024,Qtr 2,Apr,Thu
45408,2024,Qtr 2,Apr,Fri
45409,2024,Qtr 2,Apr,Sat
45410,2024,Qtr 2,Apr,Sun
45411,2024,Qtr 2,Apr,Mon
45412,2024,Qtr 2,Apr,Tue
45413,2024,Qtr 2,Apr,Wed
45414,2024,Qtr 2,Apr,Thu
45415,2024,Qtr 2,Apr,Fri
45416,2024,Qtr 2,Apr,Sat
45417,2024,Qtr 2,Apr,Sun
45418,2024,Qtr 2,Apr,Mon
45419,2024,Qtr 2,Apr,Tue
45420,2024,Qtr 2,Apr,Wed
45421,2024,Qtr 2,Apr,Thu
45422,2024,Qtr 2,Apr,Fri
45423,2024,Qtr 2,May,Sat
45424,2024,Qtr 2,May,Sun
45425,2024,Qtr 2,May,Mon
45426,2024,Qtr 2,May,Tue
45427,2024,Qtr 2,May,Wed
45428,2024,Qtr 2,May,Thu
45429,2024,Qtr 2,May,Fri
45430,2024,Qtr 2,May,Sat
45431,2024,Qtr 2,May,Sun
45432,2024,Qtr 2,May,Mon
45433,2024,Qtr 2,May,Tue
45434,2024,Qtr 2,May,Wed
45435,2024,Qtr 2,May,Thu
45436,2024,Qtr 2,May,Fri
45437,2024,Qtr 2,May,Sat
45438,2024,Qtr 2,May,Sun
45439,2024,Qtr 2,May,Mon
45440,2024,Qtr 2,May,Tue
45441,2024,Qtr 2,May,Wed
45442,2024,Qtr 2,May,Thu
45443,2024,Qtr 2,May,Fri
45444,2024,Qtr 2,May,Sat
45445,2024,Qtr 2,May,Sun
45446,2024,Qtr 2,May,Mon
45447,2024,Qtr 2,May,Tue
45448,2024,Qtr 2,May,Wed
45449,2024,Qtr 2,May,Thu
45450,2024,Qtr 2,May,Fri
45451,2024,Qtr 2,May,Sat
45452,2024,Qtr 2,May,Sun
45453,2024,Qtr 2,May,Mon
45454,2024,Qtr 2,Jun,Tue
45455,2024,Qtr 2,Jun,Wed
45456,2024,Qtr 2,Jun,Thu
45457,2024,Qtr 2,Jun,Fri
45458,2024,Qtr 2,Jun,Sat
45459,2024,Qtr 2,Jun,Sun
45460,2024,Qtr 2,Jun,Mon
45461,2024,Qtr 2,Jun,Tue
45462,2024,Qtr 2,Jun,Wed
45463,2024,Qtr 2,Jun,Thu
45464,2024,Qtr 2,Jun,Fri
45465,2024,Qtr 2,Jun,Sat
45466,2024,Qtr 2,Jun,Sun
45467,2024,Qtr 2,Jun,Mon
45468,2024,Qtr 2,Jun,Tue
45469,2024,Qtr 2,Jun,Wed
45470,2024,Qtr 2,Jun,Thu
45471,2024,Qtr 2,Jun,Fri
45472,2024,Qtr 2,Jun,Sat
45473,2024,Qtr 2,Jun,Sun
45474,2024,Qtr 2,Jun,Mon
45475,2024,Qtr 2,Jun,Tue
45476,2024,Qtr 2,Jun,Wed
45477,2024,Qtr 2,Jun,Thu
45478,2024,Qtr 2,Jun,Fri
45479,2024,Qtr 2,Jun,Sat
45480,2024,Qtr 2,Jun,Sun
45481,2024,Qtr 2,Jun,Mon
45482,2024,Qtr 2,Jun,Tue
45483,2024,Qtr 2,Jun,Wed
45484,2024,Qtr 3,Jul,Thu
45485,2024,Qtr 3,Jul,Fri
45486,2024,Qtr 3,Jul,Sat
45487,2024,Qtr 3,Jul,Sun
45488,2024,Qtr 3,Jul,Mon
45489,2024,Qtr 3,Jul,Tue
45490,2024,Qtr 3,Jul,Wed
45491,2024,Qtr 3,Jul,Thu
45492,2024,Qtr 3,Jul,Fri
45493,2024,Qtr 3,Jul,Sat
45494,2024,Qtr 3,Jul,Sun
45495,2024,Qtr 3,Jul,Mon
45496,2024,Qtr 3,Jul,Tue
45497,2024,Qtr 3,Jul,Wed
45498,2024,Qtr 3,Jul,Thu
45499,2024,Qtr 3,Jul,Fri
45500,2024,Qtr 3,Jul,Sat
45501,2024,Qtr 3,Jul,Sun
45502,2024,Qtr 3,Jul,Mon
45503,2024,Qtr 3,Jul,Tue
45504,2024,Qtr 3,Jul,Wed
45505,2024,Qtr 3,Jul,Thu
45506,2024,Qtr 3,Jul,Fri
45507,2024,Qtr 3,Jul,Sat
45508,2024,Qtr 3,Jul,Sun
45509,2024,Qtr 3,Jul,Mon
45510,2024,Qtr 3,Jul,Tue
45511,2024,Qtr 3,Jul,Wed
45512,2024,Qtr 3,Jul,Thu
45513,2024,Qtr 3,Jul,Fri
45514,2024,Qtr 3,Jul,Sat
45515,2024,Qtr 3,Aug,Sun
45516,2024,Qtr 3,Aug,Mon
45517,2024,Qtr 3,Aug,Tue
45518,2024,Qtr 3,Aug,Wed
45519,2024,Qtr 3,Aug,Thu
45520,2024,Qtr 3,Aug,Fri
45521,2024,Qtr 3,Aug,Sat
45522,2024,Qtr 3,Aug,Sun
45523,2024,Qtr 3,Aug,Mon
45524,2024,Qtr 3,Aug,Tue
45525,2024,Qtr 3,Aug,Wed
45526,2024,Qtr 3,Aug,Thu
45527,2024,Qtr 3,Aug,Fri
45528,2024,Qtr 3,Aug,Sat
45529,2024,Qtr 3,Aug,Sun
45530,2024,Qtr 3,Aug,Mon
45531,2024,Qtr 3,Aug,Tue
45532,2024,Qtr 3,Aug,Wed
45533,2024,Qtr 3,Aug,Thu
45534,2024,Qtr 3,Aug,Fri
45535,2024,Qtr 3,Aug,Sat
45536,2024,Qtr 3,Aug,Sun
45537,2024,Qtr 3,Aug,Mon
45538,2024,Qtr 3,Aug,Tue
45539,2024,Qtr 3,Aug,Wed
45540,2024,Qtr 3,Aug,Thu
45541,2024,Qtr 3,Aug,Fri
45542,2024,Qtr 3,Aug,Sat
45543,2024,Qtr 3,Aug,Sun
45544,2024,Qtr 3,Aug,Mon
45545,2024,Qtr 3,Aug,Tue
45546,2024,Qtr 3,Sep,Wed
45547,2024,Qtr 3,Sep,Thu
45548,2024,Qtr 3,Sep,Fri
45549,2024,Qtr 3,Sep,Sat
45550,2024,Qtr 3,Sep,Sun
45551,2024,Qtr 3,Sep,Mon
45552,2024,Qtr 3,Sep,Tue
45553,2024,Qtr 3,Sep,Wed
45554,2024,Qtr 3,Sep,Thu
45555,2024,Qtr 3,Sep,Fri
45556,2024,Qtr 3,Sep,Sat
45557,2024,Qtr 3,Sep,Sun
45558,2024,Qtr 3,Sep,Mon
45559,2024,Qtr 3,Sep,Tue
45560,2024,Qtr 3,Sep,Wed
45561,2024,Qtr 3,Sep,Thu
45562,2024,Qtr 3,Sep,Fri
45563,2024,Qtr 3,Sep,Sat
45564,2024,Qtr 3,Sep,Sun
45565,2024,Qtr 3,Sep,Mon
45566,2024,Qtr 3,Sep,Tue
45567,2024,Qtr 3,Sep,Wed
45568,2024,Qtr 3,Sep,Thu
45569,2024,Qtr 3,Sep,Fri
45570,2024,Qtr 3,Sep,Sat
45571,2024,Qtr 3,Sep,Sun
45572,2024,Qtr 3,Sep,Mon
45573,2024,Qtr 3,Sep,Tue
45574,2024,Qtr 3,Sep,Wed
45575,2024,Qtr 3,Sep,Thu
45576,2024,Qtr 4,Oct,Fri
45577,2024,Qtr 4,Oct,Sat
45578,2024,Qtr 4,Oct,Sun
45579,2024,Qtr 4,Oct,Mon
45580,2024,Qtr 4,Oct,Tue
45581,2024,Qtr 4,Oct,Wed
45582,2024,Qtr 4,Oct,Thu
45583,2024,Qtr 4,Oct,Fri
45584,2024,Qtr 4,Oct,Sat
45585,2024,Qtr 4,Oct,Sun
45586,2024,Qtr 4,Oct,Mon
45587,2024,Qtr 4,Oct,Tue
45588,2024,Qtr 4,Oct,Wed
45589,2024,Qtr 4,Oct,Thu
45590,2024,Qtr 4,Oct,Fri
45591,2024,Qtr 4,Oct,Sat
45592,2024,Qtr 4,Oct,Sun
45593,2024,Qtr 4,Oct,Mon
45594,2024,Qtr 4,Oct,Tue
45595,2024,Qtr 4,Oct,Wed
45596,2024,Qtr 4,Oct,Thu
45597,2024,Qtr 4,Oct,Fri
45598,2024,Qtr 4,Oct,Sat
45599,2024,Qtr 4,Oct,Sun
45600,2024,Qtr 4,Oct,Mon
45601,2024,Qtr 4,Oct,Tue
45602,2024,Qtr 4,Oct,Wed
45603,2024,Qtr 4,Oct,Thu
45604,2024,Qtr 4,Oct,Fri
45605,2024,Qtr 4,Oct,Sat
45606,2024,Qtr 4,Oct,Sun
45607,2024,Qtr 4,Nov,Mon
45608,2024,Qtr 4,Nov,Tue
45609,2024,Qtr 4,Nov,Wed
45610,2024,Qtr 4,Nov,Thu
45611,2024,Qtr 4,Nov,Fri
45612,2024,Qtr 4,Nov,Sat
45613,2024,Qtr 4,Nov,Sun
45614,2024,Qtr 4,Nov,Mon
45615,2024,Qtr 4,Nov,Tue
45616,2024,Qtr 4,Nov,Wed
45617,2024,Qtr 4,Nov,Thu
45618,2024,Qtr 4,Nov,Fri
45619,2024,Qtr 4,Nov,Sat
45620,2024,Qtr 4,Nov,Sun
45621,2024,Qtr 4,Nov,Mon
45622,2024,Qtr 4,Nov,Tue
45623,2024,Qtr 4,Nov,Wed
45624,2024,Qtr 4,Nov,Thu
45625,2024,Qtr 4,Nov,Fri
45626,2024,Qtr 4,Nov,Sat
45627,2024,Qtr 4,Nov,Sun
45628,2024,Qtr 4,Nov,Mon
45629,2024,Qtr 4,Nov,Tue
45630,2024,Qtr 4,Nov,Wed
45631,2024,Qtr 4,Nov,Thu
45632,2024,Qtr 4,Nov,Fri
45633,2024,Qtr 4,Nov,Sat
45634,2024,Qtr 4,Nov,Sun
45635,2024,Qtr 4,Nov,Mon
45636,2024,Qtr 4,Nov,Tue
45637,2024,Qtr 4,Dec,Wed
45638,2024,Qtr 4,Dec,Thu
45639,2024,Qtr 4,Dec,Fri
45640,2024,Qtr 4,Dec,Sat
45641,2024,Qtr 4,Dec,Sun
45642,2024,Qtr 4,Dec,Mon
45643,2024,Qtr 4,Dec,Tue
45644,2024,Qtr 4,Dec,Wed
45645,2024,Qtr 4,Dec,Thu
45646,2024,Qtr 4,Dec,Fri
45647,2024,Qtr 4,Dec,Sat
45648,2024,Qtr 4,Dec,Sun
45649,2024,Qtr 4,Dec,Mon
45650,2024,Qtr 4,Dec,Tue
45651,2024,Qtr 4,Dec,Wed
45652,2024,Qtr 4,Dec,Thu
45653,2024,Qtr 4,Dec,Fri
45654,2024,Qtr 4,Dec,Sat
45655,2024,Qtr 4,Dec,Sun
45656,2024,Qtr 4,Dec,Mon
45657,2024,Qtr 4,Dec,Tue
45658,2025,Qtr 4,Dec,Wed
45659,2025,Qtr 4,Dec,Thu
45660,2025,Qtr 4,Dec,Fri
45661,2025,Qtr 4,Dec,Sat
45662,2025,Qtr 4,Dec,Sun
45663,2025,Qtr 4,Dec,Mon
45664,2025,Qtr 4,Dec,Tue
45665,2025,Qtr 4,Dec,Wed
45666,2025,Qtr 4,Dec,Thu
45667,2025,Qtr 4,Dec,Fri
45668,2025,Qtr 1,Jan,Sat
45669,2025,Qtr 1,Jan,Sun
45670,2025,Qtr 1,Jan,Mon
45671,2025,Qtr 1,Jan,Tue
45672,2025,Qtr 1,Jan,Wed
45673,2025,Qtr 1,Jan,Thu
45674,2025,Qtr 1,Jan,Fri
45675,2025,Qtr 1,Jan,Sat
45676,2025,Qtr 1,Jan,Sun
45677,2025,Qtr 1,Jan,Mon
45678,2025,Qtr 1,Jan,Tue
45679,2025,Qtr 1,Jan,Wed
45680,2025,Qtr 1,Jan,Thu
45681,2025,Qtr 1,Jan,Fri
45682,2025,Qtr 1,Jan,Sat
45683,2025,Qtr 1,Jan,Sun
45684,2025,Qtr 1,Jan,Mon
45685,2025,Qtr 1,Jan,Tue
45686,2025,Qtr 1,Jan,Wed
45687,2025,Qtr 1,Jan,Thu
45688,2025,Qtr 1,Jan,Fri
45689,2025,Qtr 1,Jan,Sat
45690,2025,Qtr 1,Jan,Sun
45691,2025,Qtr 1,Jan,Mon
45692,2025,Qtr 1,Jan,Tue
45693,2025,Qtr 1,Jan,Wed
45694,2025,Qtr 1,Jan,Thu
45695,2025,Qtr 1,Jan,Fri
45696,2025,Qtr 1,Jan,Sat
45697,2025,Qtr 1,Jan,Sun
45698,2025,Qtr 1,Jan,Mon
45699,2025,Qtr 1,Feb,Tue
45700,2025,Qtr 1,Feb,Wed
45701,2025,Qtr 1,Feb,Thu
45702,2025,Qtr 1,Feb,Fri
45703,2025,Qtr 1,Feb,Sat
45704,2025,Qtr 1,Feb,Sun
45705,2025,Qtr 1,Feb,Mon
45706,2025,Qtr 1,Feb,Tue
45707,2025,Qtr 1,Feb,Wed
45708,2025,Qtr 1,Feb,Thu
45709,2025,Qtr 1,Feb,Fri
45710,2025,Qtr 1,Feb,Sat
45711,2025,Qtr 1,Feb,Sun
45712,2025,Qtr 1,Feb,Mon
45713,2025,Qtr 1,Feb,Tue
45714,2025,Qtr 1,Feb,Wed
45715,2025,Qtr 1,Feb,Thu
45716,2025,Qtr 1,Feb,Fri
45717,2025,Qtr 1,Feb,Sat
45718,2025,Qtr 1,Feb,Sun
45719,2025,Qtr 1,Feb,Mon
45720,2025,Qtr 1,Feb,Tue
45721,2025,Qtr 1,Feb,Wed
45722,2025,Qtr 1,Feb,Thu
45723,2025,Qtr 1,Feb,Fri
45724,2025,Qtr 1,Feb,Sat
45725,2025,Qtr 1,Feb,Sun
45726,2025,Qtr 1,Feb,Mon
45727,2025,Qtr 1,Feb,Tue
45728,2025,Qtr 1,Mar,Wed
45729,2025,Qtr 1,Mar,Thu
45730,2025,Qtr 1,Mar,Fri
45731,2025,Qtr 1,Mar,Sat
45732,2025,Qtr 1,Mar,Sun
45733,2025,Qtr 1,Mar,Mon
